Name,Web,Email,result
SG Embroidery,https://www.sg-embroidery.co.uk/,info@sg-embroidery.co.uk,ok
Ace Embroidery Ltd,http://www.ace-embroidery.co.uk/,sales@ace-embroidery.co.uk,catch_all
Acore UK Ltd,http://acoreuk.com/,info@acoreuk.com,catch_all
Alleycatz Ltd,https://www.alleycatz.co.uk/,info@alleycatz.co.uk,ok
APC Clothing Ltd,http://apc-clothing.co.uk/,sales@apc-clothing.co.uk,catch_all
Badged Uniform Warehouse,https://www.badged.co.uk/,info@badged.co.uk,catch_all
Banner Ltd,http://www.banner.co.uk,customerservice@banner.co.uk,ok
Barsleys,https://barsleys.co.uk/,info@barsleys.co.uk,catch_all
Brand Monkey Promo Clothing,https://www.brandmonkey.co.uk/,hello@brandmonkey.co.uk,catch_all
C & D Uniforms Solutions,https://www.candduniform.co.uk/,info@candduniform.co.uk,catch_all
Cain of Heswall Ltd,https://www.cainofheswall.co.uk/,post@cainofheswall.co.uk,ok
Castle Printwear,https://www.castleprintwear.co.uk/,hello@castleprintwear.co.uk,catch_all
CC Uniforms,https://www.ccuniforms.co.uk/,info@ccuniforms.co.uk,catch_all
Charles Kirk & Co Ltd,http://www.charleskirk.co.uk/,info@charleskirk.co.uk,catch_all
Classworx Ltd,https://classworx.co.uk/,uniform@classworx.co.uk,ok
Corporate Wear Ltd/ Redoak Roller,https://www.redoakroller.co.uk/,shop@redoak-schooluniform.co.uk,catch_all
County Sports & Schoolwear,https://www.countyschoolwear.co.uk/,info@countyschoolwear.co.uk,ok
Dancers Ltd,https://www.dancersltd.co.uk/,dancersltd@gmail.com,ok
David Luke Ltd,https://www.davidluke.com/,info@davidluke.com,catch_all
Daw's Clothing Company Ltd,https://dawsclothing.co.uk/,info@dawsclothing.co.uk,catch_all
Deane & Sons Ltd,https://www.deanesofcheddar.co.uk/,menswear@vencida.com,ok
DP Sportswear,http://www.dpsportswear.co.uk/,info@dpsportswear.co.uk,catch_all
Ellis Scott Schoolwear,https://ellisscott.co.uk/,enquiry@ellisscott.co.uk,ok
Emblematic Ltd,https://emblematic.co.uk,info@emblematic.co.uk,catch_all
Express Uniform Ltd,https://www.expressuniform.co.uk/,contact@expressuniform.co.uk,catch_all
F R Monkhouse Ltd,http://www.monkhouse.com,web@monkhouse.com,catch_all
Falcon Sportswear Ltd,https://falconsportswear.co.uk,webenquiry@falconsports.co.uk,ok
Fashion Master Ltd T/A Cunninghams EPOS Group,https://www.fashionmaster.co.uk/,support@fashionmaster.co.uk,catch_all
Fletchersports (1989) Ltd,https://www.fletchersports.co.uk/,fletchersports@hotmail.com,ok
Fosters Schoolwear Ltd,https://www.fostersschoolwear.co.uk/,info@fostersschoolwear.co.uk,ok
Funky T-shirt/Crested Schoolwear,https://www.crestedschoolwear.co.uk/,info@crestedschoolwear.co.uk,catch_all
G & S By Valentino Ltd,http://www.valentinoschoolwear.com,info@valentinoschoolwear.com,ok
Gamble & Gunn,https://gambleandgunn.com/,info@gambleandgunn.com,ok
Gardiner Bros & Co Ltd,https://www.gardinerbros.co.uk/,enquiries@gardinerbros.co.uk,ok
Halbro Sportswear Ltd,https://halbro.com/,info@halbro.com,ok
Hamilton's Schoolwear & Embroidery (B & D Corporation Ltd),https://hamiltons.biz/,info@hamiltons.biz,catch_all
Harrisons Schoolswear,https://hschoolwear.co.uk/,hschoolwear@aol.com,ok
Icon Clothing M/c Ltd,https://iconsports.co.uk/,sales@iconsports.co.uk,catch_all
Identity Co Ltd,https://www.identity.co.uk/,embroidery@identity.co.uk,catch_all
Impressions Uniform,https://impressionsuniform.co.uk/,info@impressionsuniform.co.uk,ok
Kids-Biz Limited,https://kidsbiz.co.uk/,webshop@kidsbiz.co.uk,catch_all
Kitted Out Schoolwear Ltd,https://www.kittedoutschoolwear.co.uk/,info@kittedoutschoolwear.co.uk,catch_all
KT Textiles Ltd,https://www.kttextiles.co.uk/,enquiries@kttextiles.co.uk,catch_all
Macey Sports Ltd,https://www.maceysports.co.uk/,info@maceysports.co.uk,ok
Marathon Bags Ltd,https://www.marathonbags.co.uk/,sales@marathonbags.co.uk,ok
My Embroidery Supplies,https://www.myembroiderysupplies.co.uk/,sales@myembroiderysupplies.co.uk,ok
My Uniform Limited,https://myuniformltd.co.uk/,info@myuniformltd.co.uk,catch_all
Nu:Uniform,https://www.nuuniforms.com/,info@nuuniforms.com,ok
One+All,https://oneandall.co.uk/,theteam@oneandall.co.uk,ok
Pages Schoolwear,https://pages-schoolwear.co.uk/,info@pages-schoolwear.co.uk,ok
Perry Uniform,https://www.perryuniform.co.uk/,info@perryuniform.co.uk,catch_all
Rawcliffes Leeds Ltd,https://www.rawcliffesleeds.co.uk/,customer.service@rawcliffesleeds.co.uk,ok
S and H Schoolwear & Sports,http://www.sandhschoolwearandsports.co.uk/,info@sandhschoolwearandsports.co.uk,ok
S Simmonds & Son,https://www.simmonds-ltd.com/,customerservice@simmonds-ltd.com,ok
School Bells,https://www.schoolbellsuniforms.co.uk/,info@schoolbellsuniforms.co.uk,ok
School I.D. LLP,https://school-id.co.uk/,info@school-id.co.uk,catch_all
School Uniform Direct,https://www.schooluniformdirect.org.uk/,info@schooluniformdirect.org.uk,ok
School Zone Ltd,https://www.schoolzoneonline.co.uk/,enquiries@school-zone.co.uk,catch_all
Schoolblazer Ltd,https://www.schoolblazer.com/,info@schoolblazer.com,ok
Schoolwear Solutions,https://www.schoolwearsolutions.com/,cust.service@schoolwearsolutions.com,catch_all
SDL Group Ltd,https://www.sdlgroupltd.com/,sales@sdlgroupltd.com,ok
Smart Clothing (Bolton) Ltd,https://www.smartschoolwear.co.uk/,info@smartschoolwear.co.uk,ok
Smarty Schoolwear,https://www.smartyschoolwear.co.uk/,customerservice@smartyschoolwear.co.uk,catch_all
Stabilo Ltd,https://www.stabilo.com/uk/,info@stabilo.com,ok
Stamptastic,https://stamptastic.co.uk/,info@stamptastic.co.uk,ok
Stitch Design Ltd,https://www.stitchdesign.co.uk/,enquiries@stitchdesign.co.uk,catch_all
Stitch-a-Logo,https://www.stitch-a-logo.co.uk/,info@stitch-a-logo.co.uk,catch_all
The School Uniform Specialists,http://www.theschooluniformspecialists.com,info@theschooluniformspecialists.com,ok
The Schoolwear Centre Margate,http://www.schoolwearcentre.net/,workwear@schoolwearcentre.net,catch_all
The Uniform Shop,https://www.theuniformshopwebsite.co.uk/,sales@theuniformshopwebsite.co.uk,ok
Total Clothing Ltd,https://totalclothing.co.uk/,customerservices@totalclothing.co.uk,ok
Uniformity Clothing Ltd,https://uniformityclothing.co.uk/,info@uniformityclothing.co.uk,catch_all
W. D. Coe Ltd,https://www.coes.co.uk/,help@coes.co.uk,ok
